<?xml version="1.0" encoding="UTF-8"?>
<project-private xmlns="http://www.netbeans.org/ns/project-private/1">
    <editor-bookmarks xmlns="http://www.netbeans.org/ns/editor-bookmarks/2" lastBookmarkId="0"/>
    <open-files xmlns="http://www.netbeans.org/ns/projectui-open-files/2">
        <group>
            <file>file:/C:/xampp/htdocs/Facultad-UAEM2/public_html/eliminar_docente.php</file>
            <file>file:/C:/xampp/htdocs/Facultad-UAEM2/public_html/styles.css</file>
            <file>file:/C:/xampp/htdocs/Facultad-UAEM2/public_html/ver_horarios.php</file>
            <file>file:/C:/xampp/htdocs/Facultad-UAEM2/public_html/agregar_centro.php</file>
            <file>file:/C:/xampp/htdocs/Facultad-UAEM2/public_html/eliminar_centro.php</file>
            <file>file:/C:/xampp/htdocs/Facultad-UAEM2/public_html/index.html</file>
            <file>file:/C:/xampp/htdocs/Facultad-UAEM2/public_html/agregar_docente.php</file>
            <file>file:/C:/xampp/htdocs/Facultad-UAEM2/public_html/editar_centro.php</file>
            <file>file:/C:/xampp/htdocs/Facultad-UAEM2/public_html/generar_horarios.php</file>
            <file>file:/C:/xampp/htdocs/Facultad-UAEM2/public_html/editar_docente.php</file>
        </group>
    </open-files>
</project-private>
